siteID,seas,yr,Criteria1,Criteria2,Criteria3,Ca,Mg,K,Na,NH4,NO3,Cl,SO4,H,Conduc,svol,ppt,fullChemLab,daysSample,startDate,lastDate
AK01,Annual,2022,88,98,93,1.3944,.32904,.25570,.9570,2.93832,2.50015,1.15661,2.60375,5.984000,3.488,17184.500,32.619,29,371,"Dec 28 2021 10:50PM","Jan  3 2023 11:00PM"
AK02,Annual,2022,92,99,96,.9960,.90486,.20456,4.8720,.49896,1.37105,5.67021,2.22881,4.656000,3.124,140951.000,246.034,46,371,"Dec 28 2021 11:19PM","Jan  3 2023  8:42PM"
AK96,Annual,2022,92,99,93,4.8306,.74034,.38355,1.5225,2.71656,3.87120,1.72081,2.87454,5.689000,3.668,13546.800,31.318,35,371,"Dec 28 2021  8:45PM","Jan  3 2023  6:40PM"
AK97,Annual,2022,82,99,83,1.6434,2.22102,.46026,10.3530,1.21968,1.90334,13.23049,5.43663,7.211000,5.246,47153.990,87.417,42,372,"Dec 28 2021  7:30PM","Jan  4 2023  7:54PM"
AL10,Annual,2022,87,100,89,3.8844,2.22102,.89495,8.4825,10.36728,6.51652,9.59140,8.62362,5.495000,5.877,92996.800,153.010,37,371,"Dec 28 2021  3:00PM","Jan  3 2023  3:45PM"
AL99,Annual,2022,86,99,91,3.8346,1.56294,1.48306,4.2630,14.85792,6.51652,4.42897,7.35299,3.357000,4.953,102217.600,163.933,39,371,"Dec 28 2021  2:49PM","Jan  3 2023  2:37PM"
AR02,Annual,2022,89,100,93,8.1672,2.30328,.66482,8.0040,10.31184,9.30701,8.60405,12.47717,6.531000,6.811,91256.800,157.203,37,371,"Dec 28 2021  2:20PM","Jan  3 2023  3:30PM"
AR03,Annual,2022,77,100,91,9.9600,2.87910,2.17345,7.0905,10.81080,9.59735,7.47565,13.56033,5.333000,6.852,87344.200,139.548,29,371,"Dec 28 2021  2:00PM","Jan  3 2023  2:30PM"
AR16,Annual,2022,77,98,85,9.0636,1.56294,1.32964,2.8275,12.47400,7.98435,2.82100,8.29034,3.162000,4.981,70891.300,126.547,29,371,"Dec 28 2021  6:00PM","Jan  3 2023  4:30PM"
AR27,Annual,2022,90,100,97,14.9400,1.97424,1.07394,4.4370,19.45944,9.62961,4.28792,10.12338,2.239000,6.219,82589.000,128.651,38,371,"Dec 28 2021  5:15PM","Jan  3 2023  3:00PM"
AZ03,Annual,2022,87,99,93,12.6492,3.94848,.43469,1.6530,15.63408,12.08137,2.03112,4.52011,2.208000,5.237,17881.500,31.877,21,365,"Jan  4 2022 10:45PM","Jan  4 2023  9:00PM"
AZ06,Annual,2022,87,90,98,63.9432,10.28250,2.17345,34.8870,23.45112,18.22690,38.50665,14.62266,1.954000,7.323,16401.800,25.848,16,371,"Dec 28 2021  2:28PM","Jan  3 2023  5:18PM"
AZ97,Annual,2022,88,98,95,19.8204,2.30328,.58811,1.9575,17.18640,12.00072,2.08754,6.20734,1.991000,6.115,17862.800,32.450,27,371,"Dec 28 2021  5:16PM","Jan  3 2023  6:35PM"
AZ98,Annual,2022,87,98,76,8.5656,.98712,.58811,1.7400,20.51280,13.25886,1.97470,5.95738,2.056000,5.156,37570.000,72.728,26,366,"Jan  3 2022  7:50PM","Jan  4 2023  7:20PM"
AZ99,Annual,2022,92,99,98,7.7190,1.39842,.53697,3.0450,18.40608,13.48468,3.46983,8.16536,4.529000,6.076,27179.500,40.140,20,371,"Dec 28 2021  4:30PM","Jan  3 2023  4:32PM"
CA42,Annual,2022,88,98,95,1.5936,1.06938,.23013,5.0895,6.98544,4.91965,4.76749,2.66624,3.296000,3.482,32535.100,54.970,13,371,"Dec 28 2021  9:00PM","Jan  3 2023  9:30PM"
CA45,Annual,2022,88,99,80,1.4940,2.30328,.51140,10.7445,1.60776,1.98399,12.94839,2.66624,3.707000,3.854,27165.300,49.987,17,371,"Dec 28 2021  5:44PM","Jan  3 2023 10:37PM"
CA66,Annual,2022,96,99,97,1.8924,1.31616,.33241,6.0900,2.82744,1.77430,6.93966,2.12466,2.570000,2.929,17940.600,29.235,17,371,"Dec 28 2021  4:05PM","Jan  3 2023  6:35PM"
CA67,Annual,2022,87,98,81,15.9858,3.78396,.69039,10.5705,27.11016,15.96870,11.81999,7.64461,.968000,7.878,8945.900,16.486,11,371,"Dec 28 2021  7:56PM","Jan  3 2023  8:51PM"
CA76,Annual,2022,84,98,82,2.7390,.90486,.76710,1.0440,8.53776,4.27445,1.29766,1.83304,2.094000,2.708,12243.100,24.105,23,371,"Dec 28 2021 11:45PM","Jan  3 2023 10:20PM"
CA94,Annual,2022,84,99,86,5.0298,1.97424,.40912,6.6990,15.24600,9.27475,7.47565,4.31181,2.535000,5.024,23740.900,48.347,15,371,"Dec 28 2021  7:22PM","Jan  3 2023  6:38PM"
CO00,Annual,2022,86,100,92,12.0516,1.56294,.99723,2.8275,23.61744,11.87168,1.80544,5.91572,.805000,5.548,14829.400,26.375,27,371,"Dec 28 2021  4:15PM","Jan  3 2023 11:00PM"
CO01,Annual,2022,85,96,90,29.5812,3.29040,2.04560,3.4365,44.35200,18.09786,3.27236,9.08188,.452000,10.078,18839.100,34.177,28,371,"Dec 28 2021  7:30PM","Jan  3 2023  8:30PM"
CO02,Annual,2022,84,98,84,9.7608,1.64520,.53697,1.0875,11.53152,7.88757,1.18482,3.81189,2.477000,4.208,29490.200,57.069,37,364,"Jan  4 2022  6:30PM","Jan  3 2023  7:15PM"
CO08,Annual,2022,82,99,84,12.4998,1.80972,.63925,1.5225,8.87040,6.11327,1.18482,3.54110,2.460000,4.203,30880.800,72.544,34,372,"Dec 28 2021  5:00PM","Jan  4 2023  1:05AM"
CO10,Annual,2022,88,99,93,15.3882,2.30328,.63925,2.6970,6.65280,5.95197,1.83365,4.04102,4.027000,5.000,25344.000,74.297,36,371,"Dec 28 2021  9:08PM","Jan  3 2023 10:40PM"
CO19,Annual,2022,85,99,89,13.5456,1.97424,.61368,2.8275,19.07136,10.19416,1.77723,5.02003,1.384000,5.313,22245.700,58.044,37,371,"Dec 28 2021  5:30PM","Jan  3 2023  3:50PM"
CO81,Annual,2022,77,94,92,38.4954,6.00498,2.53143,5.7855,66.02904,21.09804,5.10601,11.01907,.340000,14.350,14098.200,27.890,31,371,"Dec 28 2021  4:02PM","Jan  3 2023  5:30PM"
CO91,Annual,2022,78,97,89,7.3206,1.06938,.48583,1.0875,8.42688,8.24243,1.07198,5.06169,4.436000,4.487,49695.700,99.768,29,366,"Jan  3 2022 10:00PM","Jan  4 2023  6:39PM"
CO94,Annual,2022,87,99,91,11.8026,1.89198,.56254,1.6965,21.67704,11.06518,1.66439,4.31181,1.545000,5.445,27566.700,66.680,39,371,"Dec 28 2021  4:00PM","Jan  3 2023 11:45PM"
CO98,Annual,2022,77,100,78,7.2210,1.39842,.48583,1.4355,8.75952,5.59711,1.26945,3.06201,2.460000,3.542,30823.500,118.360,38,370,"Dec 29 2021  6:56PM","Jan  3 2023  6:39PM"
CO99,Annual,2022,79,98,88,30.6270,4.52430,.69039,2.6100,15.52320,14.80734,2.45427,7.12386,2.382000,7.518,18960.500,37.922,24,364,"Dec 28 2021  9:13PM","Dec 27 2022  9:10PM"
CT15,Annual,2022,88,99,95,3.2370,3.20814,.69039,13.0065,9.31392,8.62955,14.58457,6.41564,5.861000,6.610,73209.600,131.191,46,371,"Dec 28 2021  4:28PM","Jan  3 2023  2:03PM"
FL00,Annual,2022,92,100,98,4.7310,2.46780,.51140,9.4830,4.76784,8.32308,10.83264,8.60279,8.770000,6.802,88318.900,132.537,39,357,"Jan 11 2022  4:00PM","Jan  3 2023  6:20PM"
FL05,Annual,2022,78,99,85,6.5736,2.87910,.63925,10.5705,5.26680,9.50057,12.29956,8.74860,7.447000,6.803,73751.700,130.489,31,371,"Dec 28 2021  5:03PM","Jan  3 2023  7:36PM"
FL11,Annual,2022,82,100,96,4.5816,3.78396,2.04560,15.4425,7.15176,6.96816,17.71588,8.45698,5.212000,6.659,101213.300,161.405,39,371,"Dec 28 2021  2:45PM","Jan  3 2023  2:45PM"
FL41,Annual,2022,83,99,94,8.3664,4.60656,.81824,13.1370,6.20928,8.53277,15.12056,8.08204,5.534000,6.725,92461.900,153.060,35,371,"Dec 28 2021 11:50AM","Jan  3 2023 11:50AM"
GA09,Annual,2022,98,98,100,5.2290,2.71458,.71596,9.8310,5.54400,7.77466,11.28400,8.60279,7.727000,6.544,73470.200,107.696,41,371,"Dec 28 2021  2:16PM","Jan  3 2023  3:04PM"
GA41,Annual,2022,79,92,95,3.5856,1.56294,1.09951,4.9590,12.69576,6.77460,5.52916,7.24884,5.140000,5.490,79555.600,128.283,34,371,"Dec 28 2021  2:00PM","Jan  3 2023  3:45PM"
GA99,Annual,2022,86,99,89,3.3366,1.72746,.46026,6.7425,8.64864,7.41980,7.56028,6.66560,5.715000,5.390,67080.800,114.426,34,371,"Dec 28 2021  1:45PM","Jan  3 2023  1:50PM"
IA08,Annual,2022,82,98,95,24.1530,4.11300,.66482,1.9575,38.64168,13.80728,1.80544,9.39433,.531000,8.857,54442.000,86.041,34,371,"Dec 28 2021 12:00PM","Jan  3 2023 10:00PM"
IA23,Annual,2022,76,99,86,30.5772,3.86622,.92052,2.6970,33.76296,13.12982,2.51069,10.33168,.597000,8.985,43322.300,79.400,31,368,"Dec 28 2021  2:05PM","Dec 31 2022  2:10PM"
ID03,Annual,2022,84,96,81,24.4518,32.32818,2.14788,8.7435,11.25432,7.82305,42.06111,5.29082,1.871000,4.544,6493.100,23.616,21,371,"Dec 28 2021  4:50PM","Jan  3 2023  5:10PM"
IL11,Annual,2022,81,100,91,10.5576,1.89198,.48583,2.5230,22.50864,12.06524,2.51069,10.76911,3.155000,6.381,45367.400,75.296,33,371,"Dec 28 2021  3:15PM","Jan  3 2023  3:15PM"
IL78,Annual,2022,83,99,84,24.1032,3.78396,.69039,2.4360,33.76296,14.43635,2.36964,10.70662,1.151000,8.606,36813.100,72.895,38,371,"Dec 28 2021  7:00PM","Jan  3 2023  5:30PM"
IN20,Annual,2022,82,100,89,12.2010,2.46780,.66482,2.1315,27.55368,13.53307,2.20038,9.22769,1.596000,6.540,50057.700,84.099,39,365,"Jan  3 2022  9:45PM","Jan  3 2023  9:30PM"
IN22,Annual,2022,86,100,92,9.8106,1.80972,.48583,2.8275,19.18224,9.69413,2.84921,10.18587,3.055000,5.844,77829.100,126.441,40,364,"Jan  4 2022  2:32PM","Jan  3 2023  2:08PM"
IN34,Annual,2022,88,100,97,23.5056,5.34690,1.07394,3.6540,30.32568,14.24279,3.63909,15.06009,1.148000,8.571,59275.200,97.282,43,371,"Dec 28 2021  1:24PM","Jan  3 2023  2:17PM"
IN41,Annual,2022,84,99,93,13.4958,4.44204,.84381,2.2620,27.11016,11.95233,2.22859,9.49848,1.795000,6.878,38797.400,81.395,36,371,"Dec 28 2021  3:45PM","Jan  3 2023  3:45PM"
KS07,Annual,2022,86,100,92,22.7586,2.46780,.94609,3.4365,23.17392,13.33951,3.35699,11.10239,1.611000,7.391,53774.100,87.935,36,371,"Dec 28 2021  1:50PM","Jan  3 2023 12:05PM"
KS31,Annual,2022,77,99,92,35.5572,3.45492,.79267,2.6100,32.87592,15.33963,2.45427,10.95658,.413000,9.166,49444.700,83.341,27,371,"Dec 28 2021  4:08PM","Jan  3 2023  4:20PM"
KY03,Annual,2022,84,99,96,7.5198,1.56294,.74153,3.4365,16.74288,10.22642,3.52625,9.29018,5.929000,8.060,75768.600,120.598,39,371,"Dec 28 2021  9:00PM","Jan  3 2023  1:00PM"
KY10,Annual,2022,76,99,82,7.5696,1.48068,.53697,3.2190,14.35896,9.04893,3.21594,8.70694,3.532000,5.173,74194.300,138.862,32,371,"Dec 28 2021  8:15PM","Jan  3 2023  9:45PM"
KY19,Annual,2022,77,100,91,9.3126,1.89198,.43469,3.0450,17.35272,9.41992,3.24415,8.68611,3.273000,5.579,69912.200,109.906,36,371,"Dec 28 2021  3:00PM","Jan  3 2023  3:00PM"
KY22,Annual,2022,82,99,89,4.7310,.90486,.53697,1.7400,8.09424,7.87144,1.80544,5.93655,5.702000,4.784,65905.900,121.056,40,371,"Dec 28 2021  1:00PM","Jan  3 2023 12:58PM"
LA12,Annual,2022,92,100,99,5.9262,3.45492,.69039,13.5720,8.81496,9.27475,16.72853,11.39401,9.036000,8.335,87245.800,131.928,43,371,"Dec 28 2021  2:45PM","Jan  3 2023  1:35PM"
LA30,Annual,2022,81,100,96,5.4780,2.87910,.92052,10.8315,7.26264,8.17791,12.58166,10.58164,7.396000,6.984,114816.600,175.081,37,371,"Dec 28 2021  3:00PM","Jan  3 2023  3:00PM"
MA01,Annual,2022,84,99,86,3.9342,10.69380,1.20179,46.9365,5.48856,5.67776,56.27895,9.20686,5.117000,11.143,63343.400,112.928,42,371,"Dec 28 2021  2:19PM","Jan  3 2023  2:40PM"
MA08,Annual,2022,84,99,91,3.0876,1.48068,.76710,4.7850,7.92792,8.98441,5.47274,4.62426,6.383000,5.301,73254.100,125.806,45,371,"Dec 28 2021  3:30PM","Jan  3 2023  1:30PM"
MA14,Annual,2022,92,100,98,4.8306,15.71166,1.58534,70.4700,4.98960,5.08095,83.44518,11.45650,4.519000,14.308,80344.700,119.026,45,371,"Dec 28 2021  8:15PM","Jan  3 2023  8:00PM"
MA22,Annual,2022,92,99,96,8.6652,7.65018,.92052,50.3295,14.02632,9.90382,56.92778,9.08188,2.449000,11.604,51378.100,86.309,47,365,"Dec 28 2021  5:15PM","Dec 28 2022  3:40PM"
MA98,Annual,2022,94,99,99,3.9840,6.08724,.84381,28.6665,9.59112,8.41986,33.56990,7.51963,4.831000,8.666,62849.100,96.799,46,371,"Dec 28 2021  4:41PM","Jan  3 2023  4:54PM"
MD08,Annual,2022,90,99,95,3.5358,.65808,.33241,1.1745,8.20512,6.59717,1.32587,5.76991,5.483000,4.391,67665.800,125.806,47,371,"Dec 28 2021  6:55PM","Jan  3 2023  5:31PM"
MD15,Annual,2022,94,100,98,4.8804,7.56792,1.07394,31.8420,10.81080,7.74240,38.02708,8.66528,4.467000,9.277,65987.600,101.549,44,364,"Jan  4 2022 11:00AM","Jan  3 2023  2:00PM"
MD99,Annual,2022,82,97,93,3.8844,1.72746,1.35521,4.6545,15.91128,8.98441,5.21885,6.29066,3.963000,5.458,80395.400,129.360,41,372,"Dec 27 2021  2:58PM","Jan  3 2023  3:26PM"
ME00,Annual,2022,88,99,91,3.6354,.74034,.35798,2.5665,6.09840,5.54872,2.67995,3.62442,4.467000,3.799,61954.000,116.315,45,371,"Dec 28 2021  1:20PM","Jan  3 2023  4:05PM"
ME04,Annual,2022,83,99,88,2.1912,.90486,1.25293,3.1755,5.10048,4.06476,3.38520,3.22865,3.855000,3.405,60825.900,110.513,41,370,"Dec 29 2021  4:50PM","Jan  3 2023  4:33PM"
ME08,Annual,2022,77,99,78,2.7888,.82260,.86938,3.0885,5.32224,5.46807,3.46983,3.54110,4.742000,3.910,61900.700,123.060,39,371,"Dec 28 2021  9:15PM","Jan  3 2023  9:00PM"
ME09,Annual,2022,94,99,98,2.2908,.65808,.25570,2.4795,5.26680,4.70996,2.76458,3.74940,4.977000,3.635,86991.400,137.302,48,364,"Jan  4 2022  4:40PM","Jan  3 2023  3:50PM"
ME94,Annual,2022,86,94,94,7.5198,4.77108,.40912,10.3530,6.76368,4.46801,9.59140,4.56177,3.784000,5.255,68825.600,124.104,44,365,"Jan  4 2022  2:00PM","Jan  4 2023  2:08PM"
ME96,Annual,2022,86,99,75,3.6354,3.37266,.53697,14.0070,7.53984,7.27463,16.75674,6.12402,5.848000,6.436,45292.900,107.714,43,371,"Dec 28 2021  3:18PM","Jan  3 2023  3:31PM"
ME98,Annual,2022,82,99,82,3.0378,5.18238,.71596,22.8810,5.26680,5.16160,27.05339,6.47813,5.236000,7.247,78449.000,149.074,39,371,"Dec 28 2021  2:11PM","Jan  3 2023  1:59PM"
MI09,Annual,2022,90,99,89,9.1134,1.97424,.40912,1.7400,19.95840,11.58134,1.74902,7.08220,2.786000,5.493,51083.900,102.159,43,371,"Dec 28 2021  3:30PM","Jan  3 2023  2:31PM"
MI26,Annual,2022,90,100,98,11.3544,2.46780,.66482,2.2185,30.71376,12.72657,2.25680,9.04022,1.374000,6.760,49495.300,94.031,45,371,"Dec 28 2021  2:00PM","Jan  3 2023  2:00PM"
MI48,Annual,2022,88,99,90,9.7608,2.38554,2.27573,1.4355,21.01176,10.27481,1.46692,6.79058,2.618000,5.878,41508.900,88.503,44,371,"Dec 28 2021  3:15PM","Jan  3 2023  3:35PM"
MI51,Annual,2022,80,99,81,14.3922,3.78396,.61368,1.9575,34.59456,13.69437,2.14396,9.56097,1.365000,7.507,34736.800,76.276,36,371,"Dec 28 2021  2:43PM","Jan  3 2023  2:14PM"
MI53,Annual,2022,88,100,96,10.8564,2.63232,.46026,2.3055,24.44904,12.72657,2.34143,8.12370,2.344000,6.381,55823.100,94.467,44,371,"Dec 28 2021  1:31PM","Jan  3 2023  1:36PM"
MI94,Annual,2022,96,98,100,14.7906,3.78396,.56254,2.2185,22.06512,12.17815,2.39785,10.31085,1.222000,6.192,58560.200,88.112,49,371,"Dec 28 2021  2:00PM","Jan  3 2023  6:43PM"
MI99,Annual,2022,82,99,90,9.2130,2.22102,.97166,2.0445,22.00968,10.38772,2.53890,6.20734,2.624000,5.901,55825.000,98.567,38,371,"Dec 28 2021  9:00PM","Jan  3 2023  4:40PM"
MN01,Annual,2022,81,100,88,26.5932,4.77108,1.17622,3.9150,48.01104,16.69455,3.30057,9.81093,.532000,10.430,48382.600,86.741,39,371,"Dec 28 2021  3:30PM","Jan  3 2023  3:30PM"
MN08,Annual,2022,84,99,85,11.2050,2.13876,.56254,1.0440,26.88840,12.17815,1.18482,7.18635,1.563000,6.072,50568.300,102.514,40,371,"Dec 28 2021  5:15PM","Jan  3 2023  6:00PM"
MN18,Annual,2022,83,99,85,12.0516,2.22102,.71596,1.3050,24.11640,11.40391,1.43871,6.79058,1.671000,5.907,41409.900,82.969,43,370,"Dec 29 2021  5:00PM","Jan  3 2023  3:00PM"
MN32,Annual,2022,78,99,84,9.2628,2.22102,.58811,1.1310,20.56824,8.51664,1.15661,5.60327,1.466000,4.895,43037.400,93.530,39,370,"Dec 29 2021  8:30PM","Jan  3 2023 10:29PM"
MN99,Annual,2022,78,100,83,10.9560,2.30328,.51140,1.0875,26.11224,12.25880,1.15661,7.39465,2.415000,6.316,54347.100,124.063,38,366,"Dec 28 2021  4:15PM","Dec 29 2022  7:15PM"
MS12,Annual,2022,88,97,92,5.0298,5.10012,.76710,21.3150,5.76576,8.33921,24.90943,10.31085,8.750000,8.719,84476.600,152.959,39,365,"Jan  4 2022  2:40PM","Jan  4 2023  2:22PM"
MS30,Annual,2022,90,99,92,7.2210,2.13876,.94609,6.6555,9.59112,9.32314,7.13713,11.39401,6.950000,6.705,80507.900,130.686,39,371,"Dec 28 2021  1:38PM","Jan  3 2023  2:32PM"
MT05,Annual,2022,86,99,98,3.0876,.65808,.35798,.8700,5.59944,3.98411,.78988,1.85387,3.258000,2.765,53907.800,96.876,38,371,"Dec 28 2021  6:21PM","Jan  3 2023  6:41PM"
NC06,Annual,2022,76,98,83,3.9342,8.22600,1.04837,36.0180,6.20928,5.91971,42.93562,7.93623,5.420000,9.475,65189.700,121.768,37,363,"Jan  5 2022 12:15PM","Jan  3 2023 12:07PM"
NC25,Annual,2022,92,96,98,3.1374,.98712,.43469,3.0885,5.76576,5.40355,3.38520,4.93671,4.808000,4.065,128304.500,187.746,46,371,"Dec 28 2021 12:55PM","Jan  3 2023  1:20PM"
NC30,Annual,2022,86,99,88,3.0876,1.89198,.63925,7.4385,10.42272,6.62943,8.57584,6.18651,4.955000,5.468,74262.100,124.219,40,371,"Dec 28 2021  3:44PM","Jan  3 2023  4:26PM"
NC34,Annual,2022,83,100,83,3.4860,1.89198,1.96889,6.3945,15.63408,7.11333,7.30639,5.97821,3.177000,5.282,65295.500,116.103,34,371,"Dec 28 2021  2:00PM","Jan  3 2023  2:00PM"
NC35,Annual,2022,90,100,92,3.2868,2.30328,1.15065,8.7870,32.98680,7.67788,10.07097,6.64477,.957000,6.664,52480.800,86.429,38,371,"Dec 28 2021  3:30PM","Jan  3 2023  4:15PM"
NC36,Annual,2022,96,99,98,2.7888,1.89198,.63925,8.1345,14.13720,7.58110,9.19646,6.01987,3.846000,5.852,72208.000,102.697,31,371,"Dec 28 2021  8:15PM","Jan  3 2023  2:36PM"
NC41,Annual,2022,85,100,93,2.6892,2.05650,.92052,7.0470,15.13512,6.17779,8.12448,5.70742,3.055000,5.026,71470.600,122.301,36,371,"Dec 28 2021  4:00PM","Jan  3 2023  4:15PM"
NC45,Annual,2022,79,100,92,1.9920,.57582,.30684,1.7835,4.60152,3.58086,1.94649,3.68691,4.786000,3.588,99949.100,174.473,36,371,"Dec 28 2021  1:35PM","Jan  3 2023  2:36PM"
NH02,Annual,2022,84,99,89,2.3904,.74034,.51140,2.5665,7.04088,6.58104,2.79279,3.95770,5.715000,4.399,67460.800,118.512,44,364,"Jan  4 2022 10:30AM","Jan  3 2023  1:00PM"
NJ00,Annual,2022,59,100,62,-9.0000,-9.00000,-9.00000,-9.0000,-9.00000,-9.00000,-9.00000,-9.00000,-9.000000,-9.000,44419.300,115.015,26,371,"Dec 28 2021  4:45PM","Jan  3 2023  3:24PM"
NJ39,Annual,2022,98,99,95,7.2210,21.96342,2.32687,95.7870,10.58904,7.66175,115.77384,16.45570,4.385000,19.667,70114.200,116.129,48,371,"Dec 28 2021  2:10PM","Jan  3 2023  4:40PM"
NJ99,Annual,2022,96,99,100,3.5856,1.72746,.76710,5.7855,12.30768,8.43599,6.93966,5.62410,3.673000,4.921,88513.300,136.144,45,371,"Dec 28 2021  3:50PM","Jan  3 2023  4:04PM"
NM07,Annual,2022,88,100,97,11.6034,1.15164,.48583,1.1745,19.01592,12.33945,1.41050,5.91572,1.875000,5.143,23626.000,36.754,28,371,"Dec 28 2021  4:13PM","Jan  3 2023  8:07PM"
NM08,Annual,2022,75,99,79,17.0814,1.64520,.46026,2.0010,19.07136,13.12982,1.80544,7.85291,1.528000,5.848,28876.100,57.277,22,371,"Dec 28 2021  3:00PM","Jan  3 2023  3:00PM"
NV05,Annual,2022,84,99,94,24.3024,3.78396,.58811,2.8710,17.07552,10.01673,2.48248,4.45762,1.276000,6.342,14584.200,32.309,26,371,"Dec 28 2021  9:35AM","Jan  3 2023  5:10PM"
NY01,Annual,2022,84,99,96,4.3326,.98712,.33241,1.0440,10.97712,8.37147,1.21303,5.18667,4.467000,4.362,54383.900,86.843,45,371,"Dec 28 2021  2:47PM","Jan  3 2023  1:33PM"
NY06,Annual,2022,85,99,87,6.6732,4.77108,1.02280,18.7920,19.90296,12.37171,22.08843,9.41516,2.958000,8.173,76368.900,121.717,42,371,"Dec 28 2021 12:15PM","Jan  3 2023 12:00PM"
NY08,Annual,2022,82,100,87,6.2250,1.23390,.40912,1.5660,20.79000,8.61342,1.60797,6.62394,1.799000,4.709,40164.100,77.457,39,364,"Jan  4 2022 12:15PM","Jan  3 2023 12:15PM"
NY10,Annual,2022,94,100,100,6.8724,1.72746,.51140,2.3490,17.79624,12.58140,2.39785,8.95690,4.529000,5.979,87613.800,135.853,49,371,"Dec 28 2021  3:30PM","Jan  3 2023  6:15PM"
NY20,Annual,2022,92,99,98,2.8884,.65808,.23013,.8265,7.76160,6.21005,.93093,3.81189,4.365000,3.598,74841.100,122.465,48,371,"Dec 28 2021  4:40PM","Jan  3 2023  3:39PM"
NY22,Annual,2022,82,96,92,4.5816,1.23390,.71596,1.3485,19.62576,9.51670,1.43871,6.33232,3.846000,5.315,59907.700,105.913,44,371,"Dec 28 2021  2:18PM","Jan  3 2023  2:35PM"
NY28,Annual,2022,89,99,95,4.6314,1.06938,.28127,1.8270,11.08800,8.87150,1.94649,5.37414,4.989000,4.695,83005.200,136.652,47,371,"Dec 28 2021  3:53PM","Jan  3 2023  3:43PM"
NY43,Annual,2022,88,100,94,11.3544,3.20814,.61368,21.5325,20.34648,11.32326,22.34232,7.74876,1.702000,8.070,52988.700,84.154,45,371,"Dec 28 2021  3:00PM","Jan  3 2023  3:00PM"
NY67,Annual,2022,77,98,84,4.9302,.98712,.33241,1.6530,13.36104,9.54896,1.77723,5.99904,3.908000,4.622,44299.300,80.888,39,371,"Dec 28 2021  5:50PM","Jan  3 2023  2:00PM"
NY68,Annual,2022,86,99,95,3.4362,1.15164,.43469,3.0015,10.03464,8.11339,3.41341,5.02003,4.335000,4.425,101925.100,166.040,45,371,"Dec 28 2021  3:59PM","Jan  3 2023 12:57PM"
NY92,Annual,2022,94,100,94,12.8484,3.61944,.66482,9.8745,22.34232,14.22666,10.49412,10.20670,2.529000,7.580,63710.200,106.829,49,371,"Dec 28 2021  1:00PM","Jan  3 2023  1:30PM"
NY93,Annual,2022,90,100,96,4.1832,.98712,.46026,1.4355,12.14136,8.56503,1.52334,5.16584,3.936000,4.327,76863.400,134.302,47,371,"Dec 28 2021  5:42PM","Jan  3 2023  7:00PM"
NY96,Annual,2022,85,100,91,6.9720,19.49562,2.48029,85.5210,9.20304,9.24249,102.65619,15.14341,6.026000,18.581,61777.200,105.816,41,371,"Dec 28 2021  2:00PM","Jan  3 2023  2:00PM"
NY98,Annual,2022,92,100,98,4.1832,.82260,.33241,1.1310,10.25640,7.61336,1.26945,5.04086,4.457000,4.285,83520.700,139.762,49,371,"Dec 28 2021  1:05PM","Jan  3 2023  1:50PM"
NY99,Annual,2022,90,99,93,3.9840,1.97424,1.04837,6.2205,11.69784,10.14577,6.96787,5.58244,5.164000,5.633,73761.600,122.095,45,372,"Dec 28 2021  2:57PM","Jan  4 2023  1:49PM"
OH17,Annual,2022,92,99,97,7.0218,1.89198,.84381,2.0010,17.07552,9.27475,2.05933,7.26967,3.639000,5.409,67521.400,111.086,45,371,"Dec 28 2021  3:24PM","Jan  3 2023  4:48PM"
OH49,Annual,2022,82,100,92,8.4162,1.80972,.51140,2.4360,15.96672,11.59747,2.48248,10.91492,6.152000,6.625,81863.000,131.522,41,371,"Dec 28 2021  1:00PM","Jan  3 2023  7:45PM"
OH71,Annual,2022,90,99,98,8.7648,2.22102,.81824,2.6100,22.28688,10.24255,2.36964,9.01939,2.280000,5.795,68831.500,107.934,45,365,"Jan  3 2022 10:15PM","Jan  3 2023  8:15PM"
OK00,Annual,2022,82,100,93,36.1050,3.45492,1.02280,6.3075,32.43240,16.95263,5.98052,16.18491,.766000,10.194,33558.400,56.286,25,371,"Dec 28 2021  4:00PM","Jan  3 2023  2:00PM"
R10,Annual,2022,88,100,98,1.2450,1.31616,.40912,6.5250,1.16424,1.50009,7.67312,2.08300,3.990000,3.266,149527.700,232.232,39,371,"Dec 28 2021  5:00PM","Jan  3 2023  4:45PM"
OR18,Annual,2022,90,100,94,2.1414,.49356,.40912,2.4360,4.82328,3.83894,1.26945,2.20798,3.281000,2.877,39281.300,66.446,35,371,"Dec 28 2021  5:57PM","Jan  3 2023 10:10PM"
OR97,Annual,2022,94,99,98,1.5936,2.22102,.74153,9.7440,5.54400,1.87108,11.87641,2.68707,3.266000,4.074,52695.500,88.910,36,370,"Dec 29 2021  6:36PM","Jan  3 2023  6:07PM"
PA00,Annual,2022,81,99,93,4.1334,1.23390,.43469,3.3060,17.07552,9.40379,3.78014,6.37398,3.273000,4.985,65239.900,110.066,40,371,"Dec 28 2021  9:10PM","Jan  3 2023  7:15PM"
PA13,Annual,2022,91,99,98,6.6234,1.64520,.79267,2.9145,13.63824,9.46831,3.35699,8.97773,4.560000,5.455,87365.200,131.779,48,371,"Dec 28 2021  9:15PM","Jan  3 2023 10:00PM"
PA15,Annual,2022,88,100,91,4.6812,1.23390,1.43192,1.7835,15.07968,8.88763,2.22859,6.10319,3.648000,4.779,66200.200,108.279,46,371,"Dec 28 2021  2:25PM","Jan  3 2023  4:40PM"
PA42,Annual,2022,88,100,96,5.7768,1.64520,.94609,4.3500,16.02216,11.06518,3.69551,7.12386,3.664000,5.407,70668.600,105.262,43,364,"Jan  3 2022 10:00AM","Jan  2 2023  8:40AM"
SC05,Annual,2022,90,99,87,4.6314,6.25176,1.07394,26.1870,4.60152,7.19398,31.87730,9.35267,8.166000,9.225,66561.100,110.681,42,371,"Dec 28 2021  9:00PM","Jan  3 2023  3:05PM"
TN04,Annual,2022,81,98,97,4.3824,1.06938,.51140,2.8710,8.92584,7.11333,2.76458,5.83240,4.487000,4.397,80883.800,131.470,37,371,"Dec 28 2021  8:01PM","Jan  3 2023  7:43PM"
TN11,Annual,2022,86,99,92,5.2788,1.31616,.84381,2.2620,7.53984,6.72621,2.42606,5.81157,4.345000,4.211,101336.200,163.271,41,371,"Dec 28 2021  8:12PM","Jan  3 2023  7:25PM"
TN14,Annual,2022,84,99,90,7.4700,1.80972,.86938,4.9590,12.08592,9.03280,5.35990,10.16504,4.898000,5.854,93615.200,152.815,35,371,"Dec 28 2021  2:30PM","Jan  3 2023  2:30PM"
TX16,Annual,2022,77,92,87,31.0254,2.55006,.79267,7.0905,20.40192,13.30725,7.10892,14.60183,2.037000,8.489,20341.300,36.662,19,371,"Dec 28 2021  8:04PM","Jan  3 2023  8:05PM"
TX22,Annual,2022,84,98,85,15.0894,1.56294,.33241,1.6965,17.79624,11.67812,1.69260,9.10271,1.892000,5.609,35603.000,59.544,18,371,"Dec 28 2021  3:46PM","Jan  3 2023  2:50PM"
TX43,Annual,2022,82,99,79,34.7106,3.45492,1.25293,3.5235,34.48368,17.09780,3.21594,15.01843,.615000,9.651,15309.200,32.029,17,371,"Dec 28 2021  4:15PM","Jan  3 2023  3:55PM"
TX56,Annual,2022,90,99,92,18.7248,2.30328,.69039,6.3510,18.07344,11.32326,6.34725,12.76879,2.931000,7.204,44805.800,75.362,23,371,"Dec 28 2021  2:11PM","Jan  3 2023  3:30PM"
UT01,Annual,2022,84,98,93,50.5470,8.55504,1.30407,37.5405,35.03808,10.51676,37.01152,8.95690,.301000,15.642,25741.800,47.015,32,371,"Dec 28 2021  5:00PM","Jan  3 2023  4:40PM"
UT98,Annual,2022,94,100,95,90.0384,15.13584,.69039,4.0020,30.27024,13.43629,2.53890,11.20654,.592000,15.462,8833.200,13.513,18,371,"Dec 28 2021  5:23PM","Jan  3 2023  8:06PM"
UT99,Annual,2022,84,98,89,19.4220,3.86622,.81824,5.2635,12.25224,9.41992,3.10310,5.58244,1.972000,5.650,15506.300,36.959,23,371,"Dec 28 2021  8:00PM","Jan  3 2023  9:12PM"
VA00,Annual,2022,86,99,94,3.8844,1.39842,.53697,4.2630,10.81080,8.67794,4.82391,5.79074,4.864000,4.914,77479.700,124.955,43,371,"Dec 28 2021  3:00PM","Jan  3 2023  3:30PM"
VA13,Annual,2022,92,99,99,2.9382,.98712,.63925,2.6970,8.75952,5.91971,2.96205,4.99920,4.966000,4.346,66172.500,114.443,43,371,"Dec 28 2021  2:58PM","Jan  3 2023  4:07PM"
VA24,Annual,2022,75,98,81,2.7888,1.31616,.58811,5.3940,7.09632,6.77460,6.03694,4.54094,5.297000,5.419,53638.200,106.090,30,371,"Dec 28 2021  2:15PM","Jan  3 2023  1:30PM"
VA28,Annual,2022,82,99,87,3.4362,.98712,.43469,2.7840,10.36728,7.04881,3.15952,5.41580,4.046000,4.264,85280.700,149.073,38,371,"Dec 28 2021  4:15PM","Jan  3 2023  8:30PM"
VA99,Annual,2022,84,99,97,3.3864,1.15164,.56254,3.2625,8.20512,6.59717,3.80835,4.95754,4.677000,4.431,77143.600,123.952,39,371,"Dec 28 2021  1:52PM","Jan  3 2023  1:57PM"
VT01,Annual,2022,79,99,91,5.6274,1.48068,.63925,2.3055,11.47608,9.56509,2.51069,5.51995,4.335000,4.826,69089.500,112.166,42,371,"Dec 28 2021  2:15PM","Jan  3 2023  1:01PM"
VT99,Annual,2022,92,99,96,4.2828,.98712,.46026,1.6965,10.92168,8.82311,1.86186,5.29082,4.508000,4.492,88074.300,139.769,49,371,"Dec 28 2021  4:42PM","Jan  3 2023  3:11PM"
WA24,Annual,2022,88,100,92,3.5358,.82260,.84381,1.6095,11.42064,5.33903,1.55155,2.56209,2.234000,3.448,39515.200,68.453,33,371,"Dec 28 2021  5:30PM","Jan  3 2023  5:30PM"
WA98,Annual,2022,75,96,89,1.6434,1.89198,.89495,9.1350,6.32016,3.91959,10.46591,3.27031,3.289000,4.122,73109.200,141.208,27,371,"Dec 28 2021  6:03PM","Jan  3 2023  7:18PM"
WI06,Annual,2022,84,99,94,16.3842,3.53718,.86938,2.9580,33.26400,13.11369,2.90563,8.60279,1.227000,7.618,59995.800,97.967,38,371,"Dec 28 2021  4:14PM","Jan  3 2023  4:13PM"
WI10,Annual,2022,88,100,91,11.1552,2.55006,.61368,2.2185,27.33192,10.64580,1.72081,8.33200,2.377000,6.584,39657.500,84.889,40,371,"Dec 28 2021  6:30PM","Jan  3 2023  5:00PM"
WI31,Annual,2022,79,99,88,13.9938,2.87910,.61368,1.6965,31.43448,13.22660,1.74902,8.60279,1.117000,6.886,61439.200,104.705,35,371,"Dec 28 2021  4:06PM","Jan  3 2023 10:30PM"
WI35,Annual,2022,83,100,88,16.1850,3.20814,.76710,2.0010,35.92512,12.53301,1.80544,8.39449,.859000,7.618,51685.200,94.343,37,371,"Dec 28 2021  1:20PM","Jan  3 2023  2:00PM"
WI36,Annual,2022,86,100,89,14.0436,2.87910,.81824,1.6530,27.33192,11.54908,1.60797,6.62394,1.189000,6.394,50860.300,87.456,40,363,"Jan  4 2022  2:35PM","Jan  2 2023  6:10PM"
WI37,Annual,2022,82,99,86,21.8124,4.60656,.71596,2.4360,38.41992,13.75889,2.31322,7.74876,.893000,8.665,44871.100,78.411,40,371,"Dec 28 2021  2:17PM","Jan  3 2023  4:45PM"
WV04,Annual,2022,86,100,92,4.5318,.90486,.53697,1.2180,9.03672,7.93596,1.43871,6.20734,5.105000,4.549,99568.900,162.916,45,371,"Dec 28 2021  1:45PM","Jan  3 2023  1:50PM"
WV18,Annual,2022,100,100,100,5.8764,1.15164,.56254,1.3050,10.25640,7.87144,1.57976,7.39465,4.742000,4.734,82193.400,133.909,51,371,"Dec 28 2021 12:00PM","Jan  3 2023 12:00PM"
WY00,Annual,2022,77,98,85,8.6652,1.72746,.33241,1.6095,9.25848,6.69395,1.21303,4.66592,2.729000,4.024,17834.500,94.784,37,371,"Dec 28 2021  6:42PM","Jan  3 2023  5:55PM"
WY02,Annual,2022,81,100,82,6.6732,1.15164,.25570,1.0005,11.42064,5.11321,.90272,3.52027,2.223000,3.640,20781.900,50.688,32,365,"Jan  4 2022  6:15PM","Jan  4 2023  9:45PM"
WY06,Annual,2022,82,99,94,15.4878,2.79684,.58811,3.2190,16.57656,9.82317,2.70816,6.60311,2.735000,5.785,12716.700,35.663,36,371,"Dec 28 2021  7:00PM","Jan  3 2023  4:55PM"
WY94,Annual,2022,78,98,83,12.4002,2.22102,2.65928,5.0025,13.97088,7.33915,4.25971,4.41596,1.936000,5.333,25556.200,49.722,33,364,"Jan  4 2022  4:30PM","Jan  3 2023  4:30PM"
WY95,Annual,2022,84,100,88,10.8564,1.97424,.46026,2.5665,8.64864,5.62937,1.29766,4.35347,2.754000,4.237,27298.400,98.996,43,371,"Dec 28 2021  9:03PM","Jan  3 2023  7:01PM"
WY97,Annual,2022,83,99,87,11.2548,1.72746,.35798,1.7835,9.31392,5.79067,1.10019,4.02019,2.291000,4.020,14670.600,44.252,33,359,"Jan  3 2022  9:00PM","Dec 28 2022  5:15PM"
